,Sperm_Pic,Majority_Vote
0,ch00_p1-pl2-sample01-sperm_01.tif,3
1,ch00_p1-pl2-sample01-sperm_02.tif,3
2,ch00_p1-pl2-sample01-sperm_03.tif,0
3,ch00_p1-pl2-sample01-sperm_04.tif,3
4,ch00_p1-pl2-sample01-sperm_05.tif,0
5,ch00_p1-pl2-sample01-sperm_06.tif,1
6,ch00_p1-pl2-sample01-sperm_10.tif,0
7,ch00_p1-pl2-sample01-sperm_12.tif,3
8,ch00_p1-pl2-sample02-sperm_03.tif,1
9,ch00_p1-pl2-sample02-sperm_04.tif,1
10,ch00_p1-pl2-sample02-sperm_06.tif,2
11,ch00_p1-pl2-sample02-sperm_08.tif,3
12,ch00_p1-pl2-sample02-sperm_09.tif,2
13,ch00_p1-pl2-sample02-sperm_11.tif,3
14,ch00_p1-pl2-sample02-sperm_12.tif,1
15,ch00_p1-pl2-sample02-sperm_15.tif,2
16,ch00_p1-pl2-sample02-sperm_16.tif,3
17,ch00_p1-pl2-sample02-sperm_17.tif,3
18,ch00_p1-pl2-sample03-sperm_01.tif,3
19,ch00_p1-pl2-sample03-sperm_03.tif,1
20,ch00_p1-pl2-sample03-sperm_04.tif,0
21,ch00_p1-pl2-sample03-sperm_06.tif,3
22,ch00_p1-pl2-sample03-sperm_07.tif,0
23,ch00_p1-pl2-sample03-sperm_08.tif,3
24,ch00_p1-pl2-sample03-sperm_09.tif,1
25,ch00_p1-pl2-sample03-sperm_10.tif,1
26,ch00_p1-pl2-sample03-sperm_12.tif,0
27,ch00_p1-pl2-sample03-sperm_13.tif,3
28,ch00_p1-pl2-sample03-sperm_14.tif,3
29,ch00_p1-pl2-sample03-sperm_15.tif,3
30,ch00_p1-pl2-sample03-sperm_17.tif,1
31,ch00_p1-pl2-sample04-sperm_03.tif,1
32,ch00_p1-pl2-sample04-sperm_04.tif,3
33,ch00_p1-pl2-sample04-sperm_05.tif,1
34,ch00_p1-pl2-sample04-sperm_07.tif,0
35,ch00_p1-pl2-sample04-sperm_08.tif,1
36,ch00_p1-pl2-sample04-sperm_11.tif,1
38,ch00_p1-pl2-sample04-sperm_14.tif,1
39,ch00_p1-pl2-sample04-sperm_15.tif,0
40,ch00_p1-pl2-sample04-sperm_16.tif,3
41,ch00_p1-pl2-sample04-sperm_17.tif,1
42,ch00_p1-pl2-sample04-sperm_18.tif,1
43,ch00_p1-pl2-sample04-sperm_20.tif,0
44,ch00_p1-pl2-sample05-sperm_03.tif,0
46,ch00_p1-pl2-sample05-sperm_05.tif,1
48,ch00_p1-pl2-sample05-sperm_07.tif,3
50,ch00_p1-pl2-sample05-sperm_12.tif,3
51,ch00_p1-pl2-sample05-sperm_13.tif,3
53,ch00_p1-pl2-sample05-sperm_16.tif,1
54,ch00_p1-pl2-sample06-sperm_02.tif,2
55,ch00_p1-pl2-sample06-sperm_03.tif,1
56,ch00_p1-pl2-sample06-sperm_04.tif,1
57,ch00_p1-pl2-sample06-sperm_07.tif,1
58,ch00_p1-pl2-sample06-sperm_10.tif,1
59,ch00_p1-pl2-sample06-sperm_11.tif,1
60,ch00_p1-pl2-sample07-sperm_01.tif,3
61,ch00_p1-pl2-sample07-sperm_02.tif,1
62,ch00_p1-pl2-sample07-sperm_03.tif,1
64,ch00_p1-pl2-sample07-sperm_05.tif,3
65,ch00_p1-pl2-sample07-sperm_09.tif,1
66,ch00_p1-pl2-sample07-sperm_10.tif,3
67,ch00_p1-pl2-sample07-sperm_11.tif,1
68,ch00_p1-pl2-sample07-sperm_13.tif,3
69,ch00_p1-pl2-sample08-sperm_01.tif,1
70,ch00_p1-pl2-sample08-sperm_02.tif,1
71,ch00_p1-pl2-sample08-sperm_03.tif,1
72,ch00_p1-pl2-sample08-sperm_04.tif,2
73,ch00_p1-pl2-sample08-sperm_05.tif,3
74,ch00_p1-pl2-sample08-sperm_06.tif,0
75,ch00_p1-pl2-sample09-sperm_02.tif,1
76,ch00_p1-pl2-sample09-sperm_04.tif,3
77,ch00_p1-pl2-sample09-sperm_05.tif,3
78,ch00_p1-pl2-sample09-sperm_07.tif,0
79,ch00_p1-pl2-sample09-sperm_08.tif,1
80,ch00_p1-pl2-sample09-sperm_09.tif,0
81,ch00_p1-pl2-sample09-sperm_11.tif,1
82,ch00_p1-pl2-sample09-sperm_12.tif,1
83,ch00_p1-pl2-sample09-sperm_13.tif,1
84,ch00_p1-pl2-sample09-sperm_14.tif,1
85,ch00_p1-pl2-sample09-sperm_15.tif,1
86,ch00_p1-pl2-sample09-sperm_17.tif,2
87,ch00_p1-pl2-sample09-sperm_18.tif,3
88,ch00_p1-pl2-sample10-sperm_01.tif,0
89,ch00_p1-pl2-sample10-sperm_02.tif,3
90,ch00_p1-pl2-sample10-sperm_03.tif,1
91,ch00_p1-pl2-sample10-sperm_04.tif,0
92,ch00_p1-pl2-sample10-sperm_05.tif,1
93,ch00_p1-pl2-sample10-sperm_07.tif,2
94,ch00_p1-pl2-sample10-sperm_08.tif,3
95,ch00_p1-pl2-sample10-sperm_10.tif,0
96,ch00_p1-pl2-sample10-sperm_12.tif,3
97,ch00_p1-pl2-sample10-sperm_13.tif,2
98,ch00_p1-pl2-sample10-sperm_14.tif,3
99,ch00_p1-pl2-sample10-sperm_15.tif,3
100,ch00_p1-pl2-sample10-sperm_16.tif,3
101,ch00_p1-pl2-sample11-sperm_02.tif,1
103,ch00_p1-pl2-sample11-sperm_04.tif,1
104,ch00_p1-pl2-sample11-sperm_09.tif,3
105,ch00_p1-pl2-sample11-sperm_10.tif,1
106,ch00_p1-pl2-sample11-sperm_11.tif,3
107,ch00_p1-pl2-sample11-sperm_12.tif,1
108,ch00_p1-pl2-sample12-sperm_01.tif,3
109,ch00_p1-pl2-sample12-sperm_02.tif,3
110,ch00_p1-pl2-sample12-sperm_03.tif,1
111,ch00_p1-pl2-sample12-sperm_04.tif,1
112,ch00_p1-pl2-sample12-sperm_05.tif,3
113,ch00_p1-pl2-sample12-sperm_07.tif,3
114,ch00_p1-pl2-sample12-sperm_08.tif,3
115,ch00_p1-pl2-sample12-sperm_09.tif,0
116,ch00_p1-pl2-sample12-sperm_10.tif,3
117,ch00_p1-pl2-sample12-sperm_11.tif,3
118,ch00_p1-pl2-sample12-sperm_12.tif,3
119,ch00_p1-pl2-sample12-sperm_13.tif,0
120,ch00_p1-pl2-sample13-sperm_01.tif,3
121,ch00_p1-pl2-sample13-sperm_02.tif,3
122,ch00_p1-pl2-sample13-sperm_04.tif,2
123,ch00_p1-pl2-sample13-sperm_05.tif,3
124,ch00_p1-pl2-sample13-sperm_06.tif,1
125,ch00_p1-pl2-sample13-sperm_07.tif,1
126,ch00_p1-pl2-sample13-sperm_10.tif,1
127,ch00_p1-pl2-sample13-sperm_11.tif,0
129,ch00_p1-pl2-sample13-sperm_14.tif,3
130,ch00_p1-pl2-sample13-sperm_16.tif,3
131,ch00_p1-pl2-sample13-sperm_18.tif,1
132,ch00_p1-pl2-sample13-sperm_20.tif,2
133,ch00_p1-pl2-sample14-sperm_01.tif,3
134,ch00_p1-pl2-sample14-sperm_02.tif,3
135,ch00_p1-pl2-sample14-sperm_03.tif,3
136,ch00_p1-pl2-sample14-sperm_04.tif,3
137,ch00_p1-pl2-sample14-sperm_05.tif,2
138,ch00_p1-pl2-sample14-sperm_08.tif,3
139,ch00_p1-pl2-sample14-sperm_09.tif,0
140,ch00_p1-pl2-sample14-sperm_10.tif,0
141,ch00_p1-pl2-sample14-sperm_11.tif,3
143,ch00_p1-pl2-sample14-sperm_13.tif,1
144,ch00_p1-pl2-sample14-sperm_14.tif,3
145,ch00_p1-pl2-sample15-sperm_02.tif,2
146,ch00_p1-pl2-sample15-sperm_03.tif,1
147,ch00_p1-pl2-sample15-sperm_05.tif,3
149,ch00_p1-pl2-sample16-sperm_05.tif,3
150,ch00_p1-pl2-sample16-sperm_07.tif,3
151,ch00_p1-pl2-sample17-sperm_02.tif,3
152,ch00_p1-pl2-sample17-sperm_03.tif,3
153,ch00_p1-pl2-sample17-sperm_05.tif,1
155,ch00_p1-pl2-sample17-sperm_07.tif,1
157,ch00_p1-pl2-sample17-sperm_10.tif,2
158,ch00_p1-pl2-sample17-sperm_12.tif,2
159,ch00_p1-pl2-sample18-sperm_01.tif,1
160,ch00_p1-pl2-sample18-sperm_02.tif,3
161,ch00_p1-pl2-sample18-sperm_03.tif,1
163,ch00_p1-pl2-sample18-sperm_05.tif,1
164,ch00_p1-pl2-sample18-sperm_06.tif,3
166,ch00_p1-pl2-sample18-sperm_09.tif,3
167,ch00_p1-pl2-sample18-sperm_10.tif,1
168,ch00_p1-pl2-sample19-sperm_04.tif,1
169,ch00_p1-pl2-sample19-sperm_07.tif,0
170,ch00_p1-pl2-sample19-sperm_08.tif,1
171,ch00_p1-pl2-sample19-sperm_09.tif,1
172,ch00_p1-pl2-sample19-sperm_10.tif,1
173,ch00_p1-pl2-sample19-sperm_11.tif,1
174,ch00_p1-pl2-sample19-sperm_14.tif,1
175,ch00_p1-pl2-sample20-sperm_02.tif,3
176,ch00_p1-pl2-sample20-sperm_05.tif,3
177,ch00_p1-pl2-sample20-sperm_07.tif,1
178,ch00_p1-pl2-sample20-sperm_10.tif,3
179,ch00_p1-pl2-sample20-sperm_13.tif,1
180,ch00_p1-pl2-sample20-sperm_14.tif,2
181,ch00_p1-pl2-sample21-sperm_03.tif,1
183,ch00_p1-pl2-sample21-sperm_06.tif,1
185,ch00_p1-pl2-sample21-sperm_08.tif,1
186,ch00_p1-pl2-sample21-sperm_09.tif,1
187,ch00_p1-pl2-sample21-sperm_10.tif,3
188,ch00_p1-pl2-sample22-sperm_01.tif,1
190,ch00_p1-pl2-sample22-sperm_03.tif,1
191,ch00_p1-pl2-sample22-sperm_05.tif,0
192,ch00_p1-pl2-sample22-sperm_06.tif,1
194,ch00_p1-pl2-sample22-sperm_11.tif,3
196,ch00_p1-pl2-sample23-sperm_09.tif,2
197,ch00_p1-pl2-sample23-sperm_10.tif,1
199,ch00_p1-pl2-sample23-sperm_13.tif,3
200,ch00_p1-pl2-sample23-sperm_14.tif,1
201,ch00_p1-pl2-sample23-sperm_15.tif,1
202,ch00_p1-pl2-sample23-sperm_16.tif,3
203,ch00_p1-pl2-sample23-sperm_17.tif,3
205,ch00_p1-pl2-sample24-sperm_04.tif,2
206,ch00_p1-pl2-sample24-sperm_06.tif,1
207,ch00_p1-pl2-sample24-sperm_07.tif,1
208,ch00_p1-pl2-sample24-sperm_10.tif,3
209,ch00_p1-pl2-sample24-sperm_12.tif,3
210,ch00_p1-pl2-sample24-sperm_13.tif,3
211,ch00_p1-pl2-sample25-sperm_02.tif,1
212,ch00_p1-pl2-sample25-sperm_03.tif,3
213,ch00_p1-pl2-sample25-sperm_04.tif,0
214,ch00_p1-pl2-sample25-sperm_05.tif,1
215,ch00_p1-pl2-sample25-sperm_08.tif,1
217,ch00_p1-pl2-sample26-sperm_01.tif,3
218,ch00_p1-pl2-sample26-sperm_03.tif,3
219,ch00_p1-pl2-sample26-sperm_04.tif,3
220,ch00_p1-pl2-sample26-sperm_05.tif,1
221,ch00_p1-pl2-sample26-sperm_07.tif,3
222,ch00_p1-pl2-sample26-sperm_12.tif,3
224,ch00_p1-pl2-sample27-sperm_02.tif,1
225,ch00_p1-pl2-sample27-sperm_05.tif,3
226,ch00_p1-pl2-sample27-sperm_07.tif,2
227,ch00_p1-pl2-sample27-sperm_08.tif,3
228,ch00_p1-pl2-sample28-sperm_01.tif,3
230,ch00_p1-pl2-sample28-sperm_03.tif,3
231,ch00_p1-pl2-sample28-sperm_04.tif,3
232,ch00_p1-pl2-sample28-sperm_06.tif,3
233,ch00_p1-pl2-sample28-sperm_08.tif,3
234,ch00_p1-pl2-sample28-sperm_10.tif,3
235,ch00_p1-pl2-sample28-sperm_11.tif,3
236,ch00_p1-pl2-sample29-sperm_01.tif,3
237,ch00_p1-pl2-sample29-sperm_04.tif,3
238,ch00_p1-pl2-sample29-sperm_05.tif,1
239,ch00_p1-pl2-sample29-sperm_06.tif,1
240,ch00_p1-pl2-sample29-sperm_08.tif,1
241,ch00_p1-pl2-sample30-sperm_01.tif,3
242,ch00_p1-pl2-sample30-sperm_02.tif,0
243,ch00_p1-pl2-sample30-sperm_04.tif,3
244,ch00_p1-pl2-sample30-sperm_05.tif,1
245,ch00_p1-pl2-sample30-sperm_06.tif,3
246,ch00_p1-pl2-sample30-sperm_07.tif,1
247,ch00_p1-pl2-sample30-sperm_09.tif,3
248,ch00_p1-pl2-sample30-sperm_10.tif,3
250,ch00_p1-pl2-sample31-sperm_02.tif,2
251,ch00_p1-pl2-sample31-sperm_03.tif,3
252,ch00_p1-pl2-sample31-sperm_04.tif,1
253,ch00_p1-pl2-sample31-sperm_06.tif,3
254,ch00_p1-pl2-sample31-sperm_08.tif,1
255,ch00_p1-pl2-sample31-sperm_09.tif,3
256,ch00_p1-pl2-sample31-sperm_10.tif,2
257,ch00_p1-pl2-sample31-sperm_11.tif,3
258,ch00_p1-pl2-sample31-sperm_12.tif,3
259,ch00_p1-pl2-sample32-sperm_01.tif,3
260,ch00_p1-pl2-sample32-sperm_02.tif,1
261,ch00_p1-pl2-sample32-sperm_03.tif,0
262,ch00_p1-pl2-sample32-sperm_04.tif,1
263,ch00_p1-pl2-sample32-sperm_05.tif,3
264,ch00_p1-pl2-sample32-sperm_06.tif,1
265,ch00_p1-pl2-sample32-sperm_07.tif,1
266,ch00_p1-pl2-sample32-sperm_08.tif,3
267,ch00_p1-pl2-sample32-sperm_09.tif,3
268,ch00_p1-pl2-sample32-sperm_10.tif,1
269,ch00_p1-pl2-sample32-sperm_11.tif,3
270,ch00_p1-pl2-sample33-sperm_02.tif,3
271,ch00_p1-pl2-sample33-sperm_03.tif,3
272,ch00_p1-pl2-sample33-sperm_04.tif,3
273,ch00_p1-pl2-sample33-sperm_07.tif,3
275,ch00_p1-pl2-sample33-sperm_10.tif,3
276,ch00_p1-pl2-sample33-sperm_12.tif,1
277,ch00_p1-pl2-sample33-sperm_13.tif,2
278,ch00_p1-pl2-sample34-sperm_03.tif,3
279,ch00_p1-pl2-sample34-sperm_05.tif,2
280,ch00_p1-pl2-sample34-sperm_06.tif,3
281,ch00_p1-pl2-sample34-sperm_07.tif,3
282,ch00_p1-pl2-sample34-sperm_08.tif,3
283,ch00_p1-pl2-sample34-sperm_09.tif,0
284,ch00_p1-pl2-sample34-sperm_10.tif,3
285,ch00_p1-pl2-sample34-sperm_11.tif,3
286,ch00_p1-pl2-sample34-sperm_12.tif,3
287,ch00_p1-pl2-sample35-sperm_01.tif,0
288,ch00_p1-pl2-sample35-sperm_02.tif,1
289,ch00_p1-pl2-sample35-sperm_05.tif,3
290,ch00_p1-pl2-sample35-sperm_06.tif,2
291,ch00_p1-pl2-sample35-sperm_07.tif,1
292,ch00_p1-pl2-sample35-sperm_08.tif,3
293,ch00_p1-pl2-sample35-sperm_09.tif,3
294,ch00_p1-pl2-sample35-sperm_10.tif,3
295,ch00_p1-pl2-sample35-sperm_12.tif,3
296,ch00_p1-pl2-sample35-sperm_14.tif,2
297,ch00_p1-pl3-sample01-sperm_01.tif,3
298,ch00_p1-pl3-sample01-sperm_02.tif,0
299,ch00_p1-pl3-sample01-sperm_03.tif,0
300,ch00_p1-pl3-sample01-sperm_04.tif,3
301,ch00_p1-pl3-sample01-sperm_05.tif,1
302,ch00_p1-pl3-sample01-sperm_07.tif,3
303,ch00_p1-pl3-sample01-sperm_09.tif,2
304,ch00_p1-pl3-sample01-sperm_10.tif,1
305,ch00_p1-pl3-sample01-sperm_11.tif,2
306,ch00_p1-pl3-sample01-sperm_13.tif,3
307,ch00_p1-pl3-sample01-sperm_14.tif,3
308,ch00_p1-pl3-sample01-sperm_15.tif,2
309,ch00_p1-pl3-sample01-sperm_17.tif,0
310,ch00_p1-pl3-sample02-sperm_03.tif,0
311,ch00_p1-pl3-sample02-sperm_04.tif,3
312,ch00_p1-pl3-sample02-sperm_07.tif,0
313,ch00_p1-pl3-sample02-sperm_08.tif,3
314,ch00_p1-pl3-sample02-sperm_10.tif,3
315,ch00_p1-pl3-sample02-sperm_11.tif,3
316,ch00_p1-pl3-sample02-sperm_12.tif,3
318,ch00_p1-pl3-sample02-sperm_14.tif,3
319,ch00_p1-pl3-sample03-sperm_01.tif,3
320,ch00_p1-pl3-sample03-sperm_02.tif,3
321,ch00_p1-pl3-sample03-sperm_04.tif,3
322,ch00_p1-pl3-sample03-sperm_05.tif,3
323,ch00_p1-pl3-sample03-sperm_06.tif,3
324,ch00_p1-pl3-sample03-sperm_07.tif,3
325,ch00_p1-pl3-sample03-sperm_08.tif,3
326,ch00_p1-pl3-sample04-sperm_03.tif,3
328,ch00_p1-pl3-sample04-sperm_06.tif,2
329,ch00_p1-pl3-sample04-sperm_08.tif,3
330,ch00_p1-pl3-sample04-sperm_09.tif,3
331,ch00_p1-pl3-sample04-sperm_10.tif,3
332,ch00_p1-pl3-sample05-sperm_02.tif,1
334,ch00_p1-pl3-sample05-sperm_04.tif,3
335,ch00_p1-pl3-sample05-sperm_06.tif,3
336,ch00_p1-pl3-sample05-sperm_07.tif,3
337,ch00_p1-pl3-sample05-sperm_09.tif,3
339,ch00_p1-pl3-sample05-sperm_12.tif,2
340,ch00_p1-pl3-sample05-sperm_13.tif,3
341,ch00_p1-pl3-sample05-sperm_14.tif,3
342,ch00_p1-pl3-sample06-sperm_02.tif,2
343,ch00_p1-pl3-sample06-sperm_03.tif,3
344,ch00_p1-pl3-sample06-sperm_04.tif,3
345,ch00_p1-pl3-sample06-sperm_05.tif,3
346,ch00_p1-pl3-sample06-sperm_06.tif,3
347,ch00_p1-pl3-sample06-sperm_09.tif,2
348,ch00_p1-pl3-sample06-sperm_11.tif,0
349,ch00_p1-pl3-sample06-sperm_14.tif,3
350,ch00_p1-pl3-sample06-sperm_16.tif,1
351,ch00_p1-pl3-sample06-sperm_17.tif,2
352,ch00_p1-pl3-sample07-sperm_02.tif,3
353,ch00_p1-pl3-sample07-sperm_03.tif,3
354,ch00_p1-pl3-sample07-sperm_05.tif,2
355,ch00_p1-pl3-sample07-sperm_06.tif,1
356,ch00_p1-pl3-sample07-sperm_07.tif,3
357,ch00_p1-pl3-sample07-sperm_09.tif,3
358,ch00_p1-pl3-sample07-sperm_10.tif,1
359,ch00_p1-pl3-sample07-sperm_11.tif,3
360,ch00_p1-pl3-sample07-sperm_12.tif,1
361,ch00_p1-pl3-sample07-sperm_13.tif,2
362,ch00_p1-pl3-sample07-sperm_14.tif,3
363,ch00_p1-pl3-sample08-sperm_06.tif,3
364,ch00_p1-pl3-sample08-sperm_08.tif,3
365,ch00_p1-pl3-sample08-sperm_09.tif,3
366,ch00_p1-pl3-sample08-sperm_10.tif,1
367,ch00_p1-pl3-sample08-sperm_11.tif,3
368,ch00_p1-pl3-sample08-sperm_15.tif,3
369,ch00_p1-pl3-sample08-sperm_17.tif,3
370,ch00_p1-pl3-sample09-sperm_04.tif,2
371,ch00_p1-pl3-sample09-sperm_05.tif,3
373,ch00_p1-pl3-sample09-sperm_07.tif,1
374,ch00_p1-pl3-sample09-sperm_08.tif,3
376,ch00_p1-pl3-sample09-sperm_12.tif,3
377,ch00_p1-pl3-sample09-sperm_13.tif,1
378,ch00_p1-pl3-sample09-sperm_14.tif,3
379,ch00_p1-pl3-sample10-sperm_01.tif,3
380,ch00_p1-pl3-sample10-sperm_02.tif,0
381,ch00_p1-pl3-sample10-sperm_03.tif,3
382,ch00_p1-pl3-sample10-sperm_04.tif,1
383,ch00_p1-pl3-sample10-sperm_05.tif,2
384,ch00_p1-pl3-sample10-sperm_06.tif,1
385,ch00_p1-pl3-sample10-sperm_07.tif,3
387,ch00_p1-pl3-sample11-sperm_05.tif,3
388,ch00_p1-pl3-sample11-sperm_06.tif,2
389,ch00_p1-pl3-sample11-sperm_07.tif,2
390,ch00_p1-pl3-sample11-sperm_08.tif,3
391,ch00_p1-pl3-sample11-sperm_09.tif,1
392,ch00_p1-pl3-sample11-sperm_10.tif,1
393,ch00_p1-pl3-sample12-sperm_01.tif,0
394,ch00_p1-pl3-sample12-sperm_02.tif,1
395,ch00_p1-pl3-sample12-sperm_03.tif,3
396,ch00_p1-pl3-sample12-sperm_04.tif,3
397,ch00_p1-pl3-sample12-sperm_05.tif,1
398,ch00_p1-pl3-sample12-sperm_06.tif,3
399,ch00_p1-pl3-sample12-sperm_07.tif,1
400,ch00_p1-pl3-sample12-sperm_08.tif,3
402,ch00_p1-pl3-sample12-sperm_10.tif,3
403,ch00_p1-pl3-sample12-sperm_11.tif,2
404,ch00_p1-pl3-sample12-sperm_12.tif,2
405,ch00_p1-pl3-sample12-sperm_14.tif,3
406,ch00_p1-pl3-sample12-sperm_16.tif,3
407,ch00_p1-pl3-sample12-sperm_17.tif,3
408,ch00_p1-pl3-sample12-sperm_19.tif,1
409,ch00_p1-pl3-sample12-sperm_20.tif,3
410,ch00_p1-pl3-sample13-sperm_03.tif,0
411,ch00_p1-pl3-sample13-sperm_04.tif,1
412,ch00_p1-pl3-sample13-sperm_05.tif,3
413,ch00_p1-pl3-sample13-sperm_07.tif,3
414,ch00_p1-pl3-sample13-sperm_08.tif,3
415,ch00_p1-pl3-sample13-sperm_09.tif,3
417,ch00_p1-pl3-sample13-sperm_13.tif,1
418,ch00_p1-pl3-sample13-sperm_14.tif,0
419,ch00_p1-pl3-sample14-sperm_01.tif,3
420,ch00_p1-pl3-sample14-sperm_03.tif,0
421,ch00_p1-pl3-sample14-sperm_06.tif,3
422,ch00_p1-pl3-sample14-sperm_07.tif,3
423,ch00_p1-pl3-sample14-sperm_08.tif,1
424,ch00_p1-pl3-sample14-sperm_10.tif,1
425,ch00_p1-pl3-sample14-sperm_11.tif,3
426,ch00_p1-pl3-sample14-sperm_13.tif,3
427,ch00_p1-pl3-sample14-sperm_15.tif,3
428,ch00_p1-pl3-sample14-sperm_16.tif,3
429,ch00_p1-pl3-sample15-sperm_02.tif,3
430,ch00_p1-pl3-sample15-sperm_03.tif,3
431,ch00_p1-pl3-sample15-sperm_05.tif,3
432,ch00_p1-pl3-sample15-sperm_06.tif,1
433,ch00_p1-pl3-sample15-sperm_07.tif,3
434,ch00_p1-pl3-sample15-sperm_08.tif,3
435,ch00_p1-pl3-sample15-sperm_09.tif,3
436,ch00_p1-pl3-sample15-sperm_10.tif,0
438,ch00_p1-pl3-sample15-sperm_12.tif,3
439,ch00_p1-pl3-sample15-sperm_13.tif,0
440,ch00_p1-pl3-sample15-sperm_14.tif,2
441,ch00_p1-pl3-sample15-sperm_19.tif,3
442,ch00_p1-pl3-sample15-sperm_20.tif,3
443,ch00_p1-pl3-sample15-sperm_21.tif,1
444,ch00_p1-pl3-sample15-sperm_22.tif,0
445,ch00_p1-pl3-sample15-sperm_24.tif,3
446,ch00_p1-pl3-sample16-sperm_07.tif,0
447,ch00_p1-pl3-sample16-sperm_08.tif,3
448,ch00_p1-pl3-sample16-sperm_10.tif,0
450,ch00_p1-pl3-sample16-sperm_13.tif,1
451,ch00_p1-pl3-sample16-sperm_14.tif,1
453,ch00_p1-pl3-sample16-sperm_17.tif,3
454,ch00_p1-pl3-sample17-sperm_02.tif,3
455,ch00_p1-pl3-sample17-sperm_03.tif,0
457,ch00_p1-pl3-sample17-sperm_05.tif,0
458,ch00_p1-pl3-sample17-sperm_07.tif,3
459,ch00_p1-pl3-sample17-sperm_08.tif,1
460,ch00_p1-pl3-sample17-sperm_09.tif,2
461,ch00_p1-pl3-sample17-sperm_11.tif,3
462,ch00_p1-pl3-sample18-sperm_01.tif,1
463,ch00_p1-pl3-sample18-sperm_03.tif,1
464,ch00_p1-pl3-sample18-sperm_04.tif,1
465,ch00_p1-pl3-sample18-sperm_06.tif,3
466,ch00_p1-pl3-sample18-sperm_07.tif,2
467,ch00_p1-pl3-sample19-sperm_01.tif,3
468,ch00_p1-pl3-sample19-sperm_02.tif,3
469,ch00_p1-pl3-sample19-sperm_03.tif,3
470,ch00_p1-pl3-sample19-sperm_04.tif,1
471,ch00_p1-pl3-sample19-sperm_07.tif,1
472,ch00_p1-pl3-sample19-sperm_08.tif,3
473,ch00_p1-pl3-sample20-sperm_03.tif,1
474,ch00_p1-pl3-sample20-sperm_04.tif,2
475,ch00_p1-pl3-sample20-sperm_06.tif,0
476,ch00_p1-pl3-sample20-sperm_07.tif,3
477,ch00_p1-pl3-sample20-sperm_08.tif,3
479,ch00_p1-pl3-sample20-sperm_12.tif,3
481,ch00_p1-pl3-sample21-sperm_01.tif,3
482,ch00_p1-pl3-sample21-sperm_03.tif,3
483,ch00_p1-pl3-sample21-sperm_04.tif,3
484,ch00_p1-pl3-sample21-sperm_05.tif,3
485,ch00_p1-pl3-sample21-sperm_06.tif,3
488,ch00_p1-pl3-sample21-sperm_09.tif,3
489,ch00_p1-pl3-sample21-sperm_10.tif,2
490,ch00_p1-pl3-sample21-sperm_11.tif,3
491,ch00_p1-pl3-sample21-sperm_12.tif,3
492,ch00_p1-pl3-sample22-sperm_01.tif,3
493,ch00_p1-pl3-sample22-sperm_03.tif,3
494,ch00_p1-pl3-sample22-sperm_05.tif,0
495,ch00_p1-pl3-sample22-sperm_06.tif,3
496,ch00_p1-pl3-sample22-sperm_07.tif,3
497,ch00_p1-pl3-sample22-sperm_09.tif,3
498,ch00_p1-pl3-sample22-sperm_11.tif,2
499,ch00_p1-pl3-sample23-sperm_02.tif,3
500,ch00_p1-pl3-sample23-sperm_03.tif,3
501,ch00_p1-pl3-sample23-sperm_06.tif,3
503,ch00_p1-pl3-sample23-sperm_11.tif,3
504,ch00_p1-pl3-sample23-sperm_12.tif,3
506,ch00_p1-pl3-sample23-sperm_14.tif,3
509,ch00_p1-pl3-sample23-sperm_17.tif,3
510,ch00_p1-pl3-sample23-sperm_18.tif,3
511,ch00_p1-pl3-sample23-sperm_19.tif,3
513,ch00_p1-pl3-sample24-sperm_02.tif,1
514,ch00_p1-pl3-sample24-sperm_04.tif,0
515,ch00_p1-pl3-sample24-sperm_05.tif,3
516,ch00_p1-pl3-sample24-sperm_06.tif,3
517,ch00_p1-pl3-sample24-sperm_07.tif,3
518,ch00_p1-pl3-sample24-sperm_08.tif,3
519,ch00_p1-pl3-sample24-sperm_09.tif,3
520,ch00_p1-pl3-sample24-sperm_10.tif,3
521,ch00_p1-pl3-sample24-sperm_11.tif,3
522,ch00_p1-pl3-sample24-sperm_13.tif,3
523,ch00_p1-pl3-sample24-sperm_14.tif,3
524,ch00_p1-pl3-sample24-sperm_17.tif,1
525,ch00_p1-pl3-sample24-sperm_20.tif,3
526,ch00_p1-pl3-sample24-sperm_21.tif,3
527,ch00_p1-pl3-sample24-sperm_22.tif,3
528,ch00_p1-pl3-sample24-sperm_23.tif,3
529,ch00_p1-pl3-sample24-sperm_24.tif,3
530,ch00_p1-pl3-sample25-sperm_01.tif,3
531,ch00_p1-pl3-sample25-sperm_02.tif,3
532,ch00_p1-pl3-sample25-sperm_03.tif,3
533,ch00_p1-pl3-sample25-sperm_04.tif,3
534,ch00_p1-pl3-sample25-sperm_08.tif,3
535,ch00_p1-pl3-sample25-sperm_09.tif,3
536,ch00_p1-pl3-sample25-sperm_10.tif,3
537,ch00_p1-pl3-sample25-sperm_11.tif,3
538,ch00_p1-pl3-sample25-sperm_13.tif,3
540,ch00_p3-pl1-sample01-sperm_01.tif,0
542,ch00_p3-pl1-sample01-sperm_04.tif,3
543,ch00_p3-pl1-sample01-sperm_05.tif,3
544,ch00_p3-pl1-sample02-sperm_04.tif,0
545,ch00_p3-pl1-sample02-sperm_05.tif,3
546,ch00_p3-pl1-sample02-sperm_06.tif,3
547,ch00_p3-pl1-sample02-sperm_07.tif,1
548,ch00_p3-pl1-sample02-sperm_10.tif,3
549,ch00_p3-pl1-sample03-sperm_02.tif,3
550,ch00_p3-pl1-sample03-sperm_04.tif,0
551,ch00_p3-pl1-sample03-sperm_06.tif,3
552,ch00_p3-pl1-sample03-sperm_07.tif,1
553,ch00_p3-pl1-sample03-sperm_09.tif,3
554,ch00_p3-pl1-sample03-sperm_10.tif,1
555,ch00_p3-pl1-sample04-sperm_01.tif,3
556,ch00_p3-pl1-sample04-sperm_02.tif,1
557,ch00_p3-pl1-sample04-sperm_04.tif,0
558,ch00_p3-pl1-sample04-sperm_05.tif,3
559,ch00_p3-pl1-sample05-sperm_01.tif,1
560,ch00_p3-pl1-sample05-sperm_02.tif,3
561,ch00_p3-pl1-sample05-sperm_03.tif,3
562,ch00_p3-pl1-sample05-sperm_05.tif,3
563,ch00_p3-pl1-sample05-sperm_06.tif,1
564,ch00_p3-pl1-sample06-sperm_03.tif,3
565,ch00_p3-pl1-sample06-sperm_04.tif,3
566,ch00_p3-pl1-sample06-sperm_05.tif,1
567,ch00_p3-pl1-sample07-sperm_01.tif,3
568,ch00_p3-pl1-sample07-sperm_06.tif,3
569,ch00_p3-pl1-sample07-sperm_07.tif,3
570,ch00_p3-pl1-sample07-sperm_08.tif,3
571,ch00_p3-pl1-sample07-sperm_11.tif,3
572,ch00_p3-pl1-sample07-sperm_13.tif,3
573,ch00_p3-pl1-sample07-sperm_14.tif,1
574,ch00_p3-pl1-sample08-sperm_02.tif,1
575,ch00_p3-pl1-sample08-sperm_03.tif,3
576,ch00_p3-pl1-sample08-sperm_05.tif,3
577,ch00_p3-pl1-sample09-sperm_05.tif,3
578,ch00_p3-pl1-sample09-sperm_09.tif,3
580,ch00_p3-pl1-sample10-sperm_02.tif,1
581,ch00_p3-pl1-sample10-sperm_04.tif,3
582,ch00_p3-pl1-sample10-sperm_06.tif,1
583,ch00_p3-pl1-sample11-sperm_01.tif,3
584,ch00_p3-pl1-sample11-sperm_02.tif,1
585,ch00_p3-pl1-sample11-sperm_05.tif,3
586,ch00_p3-pl1-sample11-sperm_06.tif,3
587,ch00_p3-pl1-sample11-sperm_07.tif,3
588,ch00_p3-pl1-sample12-sperm_02.tif,3
590,ch00_p3-pl1-sample12-sperm_04.tif,1
591,ch00_p3-pl1-sample12-sperm_05.tif,1
592,ch00_p3-pl1-sample12-sperm_06.tif,3
593,ch00_p3-pl1-sample12-sperm_07.tif,3
594,ch00_p3-pl1-sample13-sperm_01.tif,3
595,ch00_p3-pl1-sample13-sperm_02.tif,0
596,ch00_p3-pl1-sample13-sperm_03.tif,0
597,ch00_p3-pl1-sample13-sperm_04.tif,3
598,ch00_p3-pl1-sample13-sperm_06.tif,3
599,ch00_p3-pl1-sample14-sperm_02.tif,1
600,ch00_p3-pl1-sample14-sperm_05.tif,0
602,ch00_p3-pl1-sample14-sperm_08.tif,2
603,ch00_p3-pl1-sample14-sperm_09.tif,3
604,ch00_p3-pl1-sample15-sperm_04.tif,3
605,ch00_p3-pl1-sample15-sperm_08.tif,3
606,ch00_p3-pl1-sample15-sperm_09.tif,1
607,ch00_p3-pl1-sample16-sperm_01.tif,3
608,ch00_p3-pl1-sample16-sperm_02.tif,0
609,ch00_p3-pl1-sample16-sperm_03.tif,3
610,ch00_p3-pl1-sample16-sperm_04.tif,3
611,ch00_p3-pl1-sample16-sperm_05.tif,3
612,ch00_p3-pl1-sample17-sperm_02.tif,1
613,ch00_p3-pl1-sample17-sperm_03.tif,1
614,ch00_p3-pl1-sample17-sperm_04.tif,1
615,ch00_p3-pl1-sample17-sperm_07.tif,0
616,ch00_p3-pl1-sample18-sperm_01.tif,1
617,ch00_p3-pl1-sample18-sperm_02.tif,3
618,ch00_p3-pl1-sample18-sperm_03.tif,1
619,ch00_p3-pl1-sample19-sperm_02.tif,0
620,ch00_p3-pl1-sample19-sperm_03.tif,3
621,ch00_p3-pl1-sample19-sperm_04.tif,3
622,ch00_p3-pl1-sample19-sperm_05.tif,1
623,ch00_p3-pl1-sample19-sperm_06.tif,1
624,ch00_p3-pl1-sample19-sperm_07.tif,1
625,ch00_p3-pl1-sample19-sperm_08.tif,3
626,ch00_p3-pl1-sample19-sperm_09.tif,3
627,ch00_p3-pl1-sample20-sperm_01.tif,3
628,ch00_p3-pl1-sample20-sperm_02.tif,3
629,ch00_p3-pl1-sample20-sperm_04.tif,3
630,ch00_p3-pl1-sample21-sperm_02.tif,0
631,ch00_p3-pl1-sample21-sperm_04.tif,3
632,ch00_p3-pl1-sample21-sperm_06.tif,1
633,ch00_p3-pl1-sample21-sperm_07.tif,1
634,ch00_p3-pl1-sample21-sperm_08.tif,3
635,ch00_p3-pl1-sample22-sperm_01.tif,1
636,ch00_p3-pl1-sample22-sperm_02.tif,1
637,ch00_p3-pl1-sample22-sperm_04.tif,3
638,ch00_p3-pl1-sample22-sperm_08.tif,3
639,ch00_p3-pl1-sample23-sperm_02.tif,3
640,ch00_p3-pl1-sample23-sperm_04.tif,1
641,ch00_p3-pl1-sample23-sperm_06.tif,3
642,ch00_p3-pl1-sample23-sperm_07.tif,3
643,ch00_p3-pl1-sample23-sperm_09.tif,3
644,ch00_p3-pl1-sample23-sperm_11.tif,1
645,ch00_p3-pl1-sample24-sperm_02.tif,3
646,ch00_p3-pl1-sample24-sperm_04.tif,3
647,ch00_p3-pl1-sample25-sperm_02.tif,3
648,ch00_p3-pl1-sample25-sperm_03.tif,0
649,ch00_p3-pl1-sample25-sperm_05.tif,3
650,ch00_p3-pl1-sample25-sperm_07.tif,2
651,ch00_p3-pl1-sample25-sperm_08.tif,3
652,ch00_p3-pl1-sample25-sperm_10.tif,3
653,ch00_p3-pl1-sample25-sperm_11.tif,1
654,ch00_p3-pl1-sample25-sperm_12.tif,0
655,ch00_p3-pl1-sample25-sperm_13.tif,0
656,ch00_p3-pl1-sample26-sperm_01.tif,3
657,ch00_p3-pl1-sample26-sperm_02.tif,1
658,ch00_p3-pl1-sample26-sperm_03.tif,3
659,ch00_p3-pl1-sample26-sperm_04.tif,3
660,ch00_p3-pl1-sample26-sperm_05.tif,3
661,ch00_p3-pl1-sample26-sperm_06.tif,1
662,ch00_p3-pl1-sample26-sperm_07.tif,3
663,ch00_p3-pl1-sample27-sperm_02.tif,1
664,ch00_p3-pl1-sample27-sperm_03.tif,3
665,ch00_p3-pl1-sample27-sperm_04.tif,1
666,ch00_p3-pl1-sample27-sperm_05.tif,1
668,ch00_p3-pl1-sample28-sperm_05.tif,2
669,ch00_p3-pl1-sample28-sperm_07.tif,1
670,ch00_p3-pl1-sample29-sperm_04.tif,3
671,ch00_p3-pl1-sample29-sperm_05.tif,1
672,ch00_p3-pl1-sample29-sperm_06.tif,1
673,ch00_p3-pl1-sample29-sperm_08.tif,3
674,ch00_p3-pl1-sample29-sperm_09.tif,3
675,ch00_p3-pl1-sample29-sperm_10.tif,2
677,ch00_p3-pl1-sample30-sperm_02.tif,1
678,ch00_p3-pl1-sample30-sperm_04.tif,3
679,ch00_p3-pl1-sample30-sperm_05.tif,3
680,ch00_p3-pl1-sample30-sperm_06.tif,0
681,ch00_p3-pl1-sample31-sperm_01.tif,3
682,ch00_p3-pl1-sample31-sperm_02.tif,3
685,ch00_p3-pl1-sample31-sperm_05.tif,1
686,ch00_p3-pl1-sample31-sperm_06.tif,1
687,ch00_p3-pl1-sample31-sperm_07.tif,3
689,ch00_p3-pl1-sample32-sperm_02.tif,3
690,ch00_p3-pl1-sample32-sperm_04.tif,3
691,ch00_p3-pl1-sample32-sperm_05.tif,1
692,ch00_p3-pl1-sample32-sperm_06.tif,3
693,ch00_p3-pl1-sample32-sperm_07.tif,3
694,ch00_p4-pl1-sample01-sperm_01.tif,3
695,ch00_p4-pl1-sample01-sperm_02.tif,1
696,ch00_p4-pl1-sample01-sperm_03.tif,0
697,ch00_p4-pl1-sample01-sperm_04.tif,1
698,ch00_p4-pl1-sample01-sperm_05.tif,1
699,ch00_p4-pl1-sample01-sperm_06.tif,3
700,ch00_p4-pl1-sample01-sperm_07.tif,3
701,ch00_p4-pl1-sample01-sperm_08.tif,3
702,ch00_p4-pl1-sample01-sperm_09.tif,3
703,ch00_p4-pl1-sample01-sperm_11.tif,1
704,ch00_p4-pl1-sample01-sperm_12.tif,3
705,ch00_p4-pl1-sample01-sperm_13.tif,0
706,ch00_p4-pl1-sample02-sperm_01.tif,3
707,ch00_p4-pl1-sample02-sperm_03.tif,3
708,ch00_p4-pl1-sample02-sperm_04.tif,0
709,ch00_p4-pl1-sample02-sperm_05.tif,3
710,ch00_p4-pl1-sample02-sperm_07.tif,1
711,ch00_p4-pl1-sample02-sperm_08.tif,2
712,ch00_p4-pl1-sample02-sperm_09.tif,3
713,ch00_p4-pl1-sample02-sperm_10.tif,3
714,ch00_p4-pl1-sample02-sperm_11.tif,0
715,ch00_p4-pl1-sample02-sperm_12.tif,3
716,ch00_p4-pl1-sample02-sperm_13.tif,3
717,ch00_p4-pl1-sample03-sperm_03.tif,3
718,ch00_p4-pl1-sample03-sperm_04.tif,1
719,ch00_p4-pl1-sample03-sperm_06.tif,3
720,ch00_p4-pl1-sample03-sperm_07.tif,2
721,ch00_p4-pl1-sample03-sperm_08.tif,1
722,ch00_p4-pl1-sample03-sperm_09.tif,3
723,ch00_p4-pl1-sample03-sperm_10.tif,2
724,ch00_p4-pl1-sample03-sperm_11.tif,3
725,ch00_p4-pl1-sample04-sperm_02.tif,1
726,ch00_p4-pl1-sample04-sperm_03.tif,3
727,ch00_p4-pl1-sample04-sperm_06.tif,2
728,ch00_p4-pl1-sample04-sperm_09.tif,3
729,ch00_p4-pl1-sample04-sperm_10.tif,3
730,ch00_p4-pl1-sample04-sperm_11.tif,3
731,ch00_p4-pl1-sample04-sperm_12.tif,3
733,ch00_p4-pl1-sample04-sperm_14.tif,3
734,ch00_p4-pl1-sample04-sperm_15.tif,2
735,ch00_p4-pl1-sample04-sperm_16.tif,3
736,ch00_p4-pl1-sample05-sperm_01.tif,3
737,ch00_p4-pl1-sample05-sperm_02.tif,3
738,ch00_p4-pl1-sample05-sperm_03.tif,2
739,ch00_p4-pl1-sample05-sperm_04.tif,3
740,ch00_p4-pl1-sample05-sperm_05.tif,2
741,ch00_p4-pl1-sample05-sperm_07.tif,3
743,ch00_p4-pl1-sample05-sperm_09.tif,3
744,ch00_p4-pl1-sample05-sperm_10.tif,2
745,ch00_p4-pl1-sample06-sperm_01.tif,0
746,ch00_p4-pl1-sample06-sperm_02.tif,2
747,ch00_p4-pl1-sample06-sperm_03.tif,3
748,ch00_p4-pl1-sample06-sperm_04.tif,3
749,ch00_p4-pl1-sample06-sperm_05.tif,1
750,ch00_p4-pl1-sample06-sperm_07.tif,3
751,ch00_p4-pl1-sample06-sperm_08.tif,3
752,ch00_p4-pl1-sample06-sperm_09.tif,3
753,ch00_p4-pl1-sample06-sperm_10.tif,0
754,ch00_p4-pl1-sample06-sperm_11.tif,3
756,ch00_p4-pl1-sample07-sperm_02.tif,3
757,ch00_p4-pl1-sample07-sperm_03.tif,3
758,ch00_p4-pl1-sample07-sperm_04.tif,3
759,ch00_p4-pl1-sample07-sperm_06.tif,3
760,ch00_p4-pl1-sample07-sperm_08.tif,3
761,ch00_p4-pl1-sample07-sperm_10.tif,3
762,ch00_p4-pl1-sample07-sperm_12.tif,3
763,ch00_p4-pl1-sample07-sperm_13.tif,3
764,ch00_p4-pl1-sample07-sperm_15.tif,2
765,ch00_p4-pl1-sample07-sperm_16.tif,1
766,ch00_p4-pl1-sample07-sperm_17.tif,3
767,ch00_p4-pl1-sample07-sperm_18.tif,1
768,ch00_p4-pl1-sample07-sperm_19.tif,2
769,ch00_p4-pl1-sample08-sperm_01.tif,3
770,ch00_p4-pl1-sample08-sperm_02.tif,3
771,ch00_p4-pl1-sample08-sperm_03.tif,3
772,ch00_p4-pl1-sample08-sperm_06.tif,3
773,ch00_p4-pl1-sample08-sperm_07.tif,3
774,ch00_p4-pl1-sample08-sperm_08.tif,3
775,ch00_p4-pl1-sample08-sperm_09.tif,3
776,ch00_p4-pl1-sample08-sperm_10.tif,3
777,ch00_p4-pl1-sample08-sperm_12.tif,3
778,ch00_p4-pl1-sample08-sperm_14.tif,1
779,ch00_p4-pl1-sample09-sperm_02.tif,3
780,ch00_p4-pl1-sample09-sperm_03.tif,0
781,ch00_p4-pl1-sample09-sperm_04.tif,3
782,ch00_p4-pl1-sample09-sperm_05.tif,0
783,ch00_p4-pl1-sample09-sperm_06.tif,3
784,ch00_p4-pl1-sample09-sperm_08.tif,3
785,ch00_p4-pl1-sample09-sperm_09.tif,3
786,ch00_p4-pl1-sample09-sperm_11.tif,3
787,ch00_p4-pl1-sample09-sperm_12.tif,3
788,ch00_p4-pl1-sample09-sperm_13.tif,1
790,ch00_p4-pl1-sample09-sperm_15.tif,3
791,ch00_p4-pl1-sample09-sperm_16.tif,1
792,ch00_p4-pl1-sample09-sperm_17.tif,3
794,ch00_p4-pl1-sample10-sperm_05.tif,3
795,ch00_p4-pl1-sample10-sperm_06.tif,3
796,ch00_p4-pl1-sample10-sperm_07.tif,0
797,ch00_p4-pl1-sample10-sperm_09.tif,0
798,ch00_p4-pl1-sample10-sperm_10.tif,2
799,ch00_p4-pl1-sample10-sperm_11.tif,3
800,ch00_p4-pl1-sample10-sperm_12.tif,3
801,ch00_p4-pl1-sample10-sperm_15.tif,3
802,ch00_p4-pl1-sample10-sperm_16.tif,3
803,ch00_p4-pl1-sample10-sperm_17.tif,3
804,ch00_p4-pl1-sample10-sperm_18.tif,1
805,ch00_p4-pl1-sample10-sperm_20.tif,3
806,ch00_p4-pl1-sample10-sperm_21.tif,3
807,ch00_p4-pl1-sample10-sperm_22.tif,3
808,ch00_p4-pl1-sample11-sperm_01.tif,3
809,ch00_p4-pl1-sample11-sperm_02.tif,3
811,ch00_p4-pl1-sample11-sperm_04.tif,3
812,ch00_p4-pl1-sample11-sperm_05.tif,3
813,ch00_p4-pl1-sample11-sperm_08.tif,3
814,ch00_p4-pl1-sample11-sperm_10.tif,1
815,ch00_p4-pl1-sample11-sperm_12.tif,3
816,ch00_p4-pl1-sample11-sperm_13.tif,3
817,ch00_p4-pl1-sample11-sperm_14.tif,3
818,ch00_p4-pl1-sample12-sperm_01.tif,3
819,ch00_p4-pl1-sample12-sperm_02.tif,3
820,ch00_p4-pl1-sample12-sperm_03.tif,3
821,ch00_p4-pl1-sample12-sperm_04.tif,2
822,ch00_p4-pl1-sample12-sperm_05.tif,1
823,ch00_p4-pl1-sample12-sperm_06.tif,3
824,ch00_p4-pl1-sample12-sperm_07.tif,1
825,ch00_p4-pl1-sample12-sperm_08.tif,3
826,ch00_p4-pl1-sample12-sperm_09.tif,3
827,ch00_p4-pl1-sample12-sperm_11.tif,3
828,ch00_p4-pl1-sample12-sperm_15.tif,2
829,ch00_p4-pl1-sample13-sperm_02.tif,3
830,ch00_p4-pl1-sample13-sperm_03.tif,3
831,ch00_p4-pl1-sample13-sperm_04.tif,2
832,ch00_p4-pl1-sample13-sperm_05.tif,3
833,ch00_p4-pl1-sample13-sperm_06.tif,0
834,ch00_p4-pl1-sample13-sperm_07.tif,3
835,ch00_p4-pl1-sample13-sperm_08.tif,3
836,ch00_p4-pl1-sample13-sperm_09.tif,0
837,ch00_p4-pl1-sample14-sperm_01.tif,0
838,ch00_p4-pl1-sample14-sperm_02.tif,0
839,ch00_p4-pl1-sample14-sperm_03.tif,3
840,ch00_p4-pl1-sample14-sperm_04.tif,3
841,ch00_p4-pl1-sample14-sperm_05.tif,3
842,ch00_p4-pl1-sample14-sperm_07.tif,3
843,ch00_p4-pl1-sample14-sperm_10.tif,2
844,ch00_p4-pl1-sample14-sperm_12.tif,3
845,ch00_p4-pl1-sample14-sperm_13.tif,3
846,ch00_p4-pl1-sample14-sperm_14.tif,2
847,ch00_p4-pl1-sample15-sperm_04.tif,0
848,ch00_p4-pl1-sample15-sperm_05.tif,3
849,ch00_p4-pl1-sample15-sperm_06.tif,0
850,ch00_p4-pl1-sample15-sperm_07.tif,0
851,ch00_p4-pl1-sample15-sperm_10.tif,3
852,ch00_p4-pl1-sample16-sperm_01.tif,3
853,ch00_p4-pl1-sample16-sperm_03.tif,3
854,ch00_p4-pl1-sample16-sperm_04.tif,2
855,ch00_p4-pl1-sample16-sperm_05.tif,3
856,ch00_p4-pl1-sample16-sperm_06.tif,1
857,ch00_p4-pl1-sample16-sperm_07.tif,3
858,ch00_p4-pl1-sample16-sperm_08.tif,3
859,ch00_p4-pl1-sample16-sperm_10.tif,3
860,ch00_p4-pl1-sample16-sperm_13.tif,3
861,ch00_p4-pl1-sample16-sperm_15.tif,3
862,ch00_p4-pl1-sample16-sperm_16.tif,3
863,ch00_p4-pl1-sample16-sperm_17.tif,3
864,ch00_p4-pl1-sample17-sperm_02.tif,0
865,ch00_p4-pl1-sample17-sperm_03.tif,1
866,ch00_p4-pl1-sample17-sperm_04.tif,2
867,ch00_p4-pl1-sample17-sperm_05.tif,3
868,ch00_p4-pl1-sample17-sperm_08.tif,2
869,ch00_p4-pl1-sample17-sperm_09.tif,0
870,ch00_p4-pl1-sample17-sperm_10.tif,3
871,ch00_p4-pl1-sample18-sperm_01.tif,3
872,ch00_p4-pl1-sample18-sperm_04.tif,0
873,ch00_p4-pl1-sample18-sperm_05.tif,3
874,ch00_p4-pl1-sample18-sperm_06.tif,3
875,ch00_p4-pl1-sample18-sperm_08.tif,0
876,ch00_p4-pl1-sample19-sperm_01.tif,0
877,ch00_p4-pl1-sample19-sperm_03.tif,1
878,ch00_p4-pl1-sample19-sperm_04.tif,2
879,ch00_p4-pl1-sample19-sperm_06.tif,3
880,ch00_p4-pl1-sample19-sperm_07.tif,2
881,ch00_p4-pl1-sample19-sperm_09.tif,3
882,ch00_p4-pl1-sample19-sperm_12.tif,0
883,ch00_p4-pl1-sample20-sperm_01.tif,3
884,ch00_p4-pl1-sample20-sperm_03.tif,3
886,ch00_p4-pl1-sample20-sperm_05.tif,3
887,ch00_p4-pl1-sample20-sperm_06.tif,3
888,ch00_p4-pl1-sample20-sperm_07.tif,0
890,ch00_p4-pl1-sample20-sperm_09.tif,3
891,ch00_p4-pl1-sample20-sperm_10.tif,3
892,ch00_p4-pl1-sample20-sperm_11.tif,3
893,ch00_p4-pl1-sample20-sperm_13.tif,1
894,ch00_p4-pl2-sample01-sperm_01.tif,3
895,ch00_p4-pl2-sample01-sperm_06.tif,1
896,ch00_p4-pl2-sample01-sperm_07.tif,3
897,ch00_p4-pl2-sample02-sperm_01.tif,3
898,ch00_p4-pl2-sample02-sperm_02.tif,3
899,ch00_p4-pl2-sample02-sperm_03.tif,3
900,ch00_p4-pl2-sample02-sperm_05.tif,3
901,ch00_p4-pl2-sample02-sperm_06.tif,3
902,ch00_p4-pl2-sample02-sperm_07.tif,3
903,ch00_p4-pl2-sample02-sperm_10.tif,3
904,ch00_p4-pl2-sample03-sperm_02.tif,3
905,ch00_p4-pl2-sample03-sperm_03.tif,3
906,ch00_p4-pl2-sample03-sperm_04.tif,3
907,ch00_p4-pl2-sample03-sperm_05.tif,3
908,ch00_p4-pl2-sample03-sperm_06.tif,3
909,ch00_p4-pl2-sample03-sperm_07.tif,3
910,ch00_p4-pl2-sample03-sperm_09.tif,3
911,ch00_p4-pl2-sample03-sperm_10.tif,2
912,ch00_p4-pl2-sample04-sperm_02.tif,3
913,ch00_p4-pl2-sample04-sperm_03.tif,1
914,ch00_p4-pl2-sample04-sperm_04.tif,3
915,ch00_p4-pl2-sample04-sperm_07.tif,3
916,ch00_p4-pl2-sample04-sperm_09.tif,3
917,ch00_p4-pl2-sample04-sperm_11.tif,2
918,ch00_p4-pl2-sample05-sperm_01.tif,3
919,ch00_p4-pl2-sample05-sperm_03.tif,3
920,ch00_p4-pl2-sample05-sperm_04.tif,3
921,ch00_p4-pl2-sample05-sperm_05.tif,3
922,ch00_p4-pl2-sample05-sperm_06.tif,0
923,ch00_p4-pl2-sample05-sperm_07.tif,1
924,ch00_p4-pl2-sample06-sperm_02.tif,3
925,ch00_p4-pl2-sample06-sperm_03.tif,3
926,ch00_p4-pl2-sample06-sperm_05.tif,3
927,ch00_p4-pl2-sample06-sperm_06.tif,3
928,ch00_p4-pl2-sample07-sperm_02.tif,3
929,ch00_p4-pl2-sample07-sperm_03.tif,3
930,ch00_p4-pl2-sample07-sperm_04.tif,3
931,ch00_p4-pl2-sample07-sperm_05.tif,3
932,ch00_p4-pl2-sample07-sperm_06.tif,3
933,ch00_p4-pl2-sample07-sperm_07.tif,3
934,ch00_p4-pl2-sample07-sperm_08.tif,3
935,ch00_p4-pl2-sample07-sperm_09.tif,3
936,ch00_p4-pl2-sample07-sperm_10.tif,3
937,ch00_p4-pl2-sample07-sperm_11.tif,1
938,ch00_p4-pl2-sample08-sperm_01.tif,3
939,ch00_p4-pl2-sample08-sperm_02.tif,3
942,ch00_p4-pl2-sample08-sperm_05.tif,0
943,ch00_p4-pl2-sample08-sperm_06.tif,1
944,ch00_p4-pl2-sample08-sperm_09.tif,3
945,ch00_p4-pl2-sample09-sperm_04.tif,3
946,ch00_p4-pl2-sample09-sperm_07.tif,3
947,ch00_p4-pl2-sample10-sperm_01.tif,3
948,ch00_p4-pl2-sample10-sperm_02.tif,1
949,ch00_p4-pl2-sample10-sperm_05.tif,3
950,ch00_p4-pl2-sample10-sperm_06.tif,3
951,ch00_p4-pl2-sample10-sperm_07.tif,3
952,ch00_p4-pl2-sample10-sperm_08.tif,3
953,ch00_p4-pl2-sample10-sperm_09.tif,3
954,ch00_p4-pl2-sample10-sperm_10.tif,3
955,ch00_p4-pl2-sample10-sperm_11.tif,3
956,ch00_p4-pl2-sample10-sperm_12.tif,3
957,ch00_p4-pl2-sample11-sperm_01.tif,1
958,ch00_p4-pl2-sample11-sperm_02.tif,3
959,ch00_p4-pl2-sample11-sperm_03.tif,3
960,ch00_p4-pl2-sample11-sperm_04.tif,3
961,ch00_p4-pl2-sample11-sperm_05.tif,2
962,ch00_p4-pl2-sample12-sperm_01.tif,3
963,ch00_p4-pl2-sample12-sperm_04.tif,3
964,ch00_p4-pl2-sample12-sperm_07.tif,3
966,ch00_p4-pl2-sample12-sperm_09.tif,3
967,ch00_p4-pl2-sample12-sperm_10.tif,3
968,ch00_p4-pl2-sample12-sperm_11.tif,3
969,ch00_p4-pl2-sample13-sperm_01.tif,0
970,ch00_p4-pl2-sample13-sperm_02.tif,3
971,ch00_p4-pl2-sample13-sperm_05.tif,3
972,ch00_p4-pl2-sample13-sperm_07.tif,3
973,ch00_p4-pl2-sample13-sperm_09.tif,3
974,ch00_p4-pl2-sample13-sperm_10.tif,3
975,ch00_p4-pl2-sample14-sperm_06.tif,3
976,ch00_p4-pl2-sample14-sperm_07.tif,0
977,ch00_p4-pl2-sample14-sperm_08.tif,3
978,ch00_p4-pl2-sample14-sperm_09.tif,3
979,ch00_p4-pl2-sample14-sperm_10.tif,3
980,ch00_p4-pl2-sample15-sperm_01.tif,3
981,ch00_p4-pl2-sample15-sperm_04.tif,3
982,ch00_p4-pl2-sample15-sperm_05.tif,3
983,ch00_p4-pl2-sample15-sperm_06.tif,3
984,ch00_p4-pl2-sample15-sperm_07.tif,3
985,ch00_p4-pl2-sample16-sperm_04.tif,3
986,ch00_p4-pl2-sample16-sperm_05.tif,3
987,ch00_p4-pl2-sample16-sperm_07.tif,3
988,ch00_p4-pl2-sample16-sperm_08.tif,3
989,ch00_p4-pl2-sample16-sperm_09.tif,0
990,ch00_p4-pl2-sample17-sperm_01.tif,3
991,ch00_p4-pl2-sample17-sperm_02.tif,3
992,ch00_p4-pl2-sample17-sperm_03.tif,3
993,ch00_p4-pl2-sample17-sperm_04.tif,3
994,ch00_p4-pl2-sample17-sperm_05.tif,0
995,ch00_p4-pl2-sample17-sperm_06.tif,2
996,ch00_p4-pl2-sample18-sperm_01.tif,3
997,ch00_p4-pl2-sample18-sperm_02.tif,3
998,ch00_p4-pl2-sample18-sperm_03.tif,3
999,ch00_p4-pl2-sample18-sperm_05.tif,3
1000,ch00_p4-pl2-sample18-sperm_06.tif,3
1001,ch00_p4-pl2-sample18-sperm_07.tif,3
1002,ch00_p4-pl2-sample18-sperm_08.tif,3
1003,ch00_p4-pl2-sample18-sperm_09.tif,3
1004,ch00_p4-pl2-sample19-sperm_01.tif,3
1005,ch00_p4-pl2-sample19-sperm_02.tif,3
1006,ch00_p4-pl2-sample19-sperm_03.tif,3
1007,ch00_p4-pl2-sample19-sperm_04.tif,3
1008,ch00_p4-pl2-sample19-sperm_07.tif,3
1009,ch00_p4-pl2-sample19-sperm_08.tif,3
1010,ch00_p4-pl2-sample20-sperm_02.tif,3
1011,ch00_p4-pl2-sample20-sperm_03.tif,3
1012,ch00_p4-pl2-sample20-sperm_04.tif,3
1013,ch00_p4-pl2-sample20-sperm_05.tif,3
1014,ch00_p4-pl2-sample20-sperm_06.tif,3
1015,ch00_p4-pl2-sample20-sperm_08.tif,3
1016,ch00_p5-pl1-sample01-sperm_03.tif,3
1018,ch00_p5-pl1-sample01-sperm_05.tif,3
1019,ch00_p5-pl1-sample01-sperm_06.tif,3
1020,ch00_p5-pl1-sample01-sperm_07.tif,3
1021,ch00_p5-pl1-sample01-sperm_09.tif,1
1022,ch00_p5-pl1-sample01-sperm_12.tif,3
1023,ch00_p5-pl1-sample01-sperm_13.tif,3
1024,ch00_p5-pl1-sample01-sperm_15.tif,3
1025,ch00_p5-pl1-sample02-sperm_02.tif,1
1026,ch00_p5-pl1-sample02-sperm_03.tif,3
1027,ch00_p5-pl1-sample02-sperm_06.tif,3
1028,ch00_p5-pl1-sample02-sperm_09.tif,0
1029,ch00_p5-pl1-sample02-sperm_10.tif,3
1030,ch00_p5-pl1-sample02-sperm_11.tif,3
1031,ch00_p5-pl1-sample02-sperm_13.tif,3
1032,ch00_p5-pl1-sample03-sperm_05.tif,3
1033,ch00_p5-pl1-sample03-sperm_07.tif,3
1034,ch00_p5-pl1-sample03-sperm_13.tif,3
1035,ch00_p5-pl1-sample03-sperm_15.tif,3
1036,ch00_p5-pl1-sample03-sperm_17.tif,3
1037,ch00_p5-pl1-sample03-sperm_21.tif,3
1038,ch00_p5-pl1-sample03-sperm_23.tif,3
1039,ch00_p5-pl1-sample04-sperm_01.tif,1
1040,ch00_p5-pl1-sample04-sperm_02.tif,3
1041,ch00_p5-pl1-sample04-sperm_03.tif,3
1042,ch00_p5-pl1-sample04-sperm_05.tif,3
1043,ch00_p5-pl1-sample04-sperm_07.tif,3
1044,ch00_p5-pl1-sample04-sperm_08.tif,3
1045,ch00_p5-pl1-sample04-sperm_09.tif,1
1046,ch00_p5-pl1-sample04-sperm_10.tif,3
1047,ch00_p5-pl1-sample05-sperm_03.tif,0
1048,ch00_p5-pl1-sample05-sperm_04.tif,3
1049,ch00_p5-pl1-sample05-sperm_09.tif,3
1050,ch00_p5-pl1-sample05-sperm_10.tif,3
1051,ch00_p5-pl1-sample05-sperm_12.tif,0
1052,ch00_p5-pl1-sample05-sperm_15.tif,3
1053,ch00_p5-pl1-sample05-sperm_16.tif,1
1054,ch00_p5-pl1-sample05-sperm_18.tif,3
1055,ch00_p5-pl1-sample05-sperm_19.tif,3
1056,ch00_p5-pl1-sample05-sperm_20.tif,1
1057,ch00_p5-pl1-sample06-sperm_04.tif,3
1058,ch00_p5-pl1-sample06-sperm_09.tif,3
1059,ch00_p5-pl1-sample06-sperm_13.tif,1
1060,ch00_p5-pl1-sample06-sperm_15.tif,3
1061,ch00_p5-pl1-sample06-sperm_16.tif,1
1062,ch00_p5-pl1-sample07-sperm_05.tif,3
1063,ch00_p5-pl1-sample07-sperm_06.tif,1
1064,ch00_p5-pl1-sample07-sperm_07.tif,1
1065,ch00_p5-pl1-sample07-sperm_09.tif,0
1066,ch00_p5-pl1-sample07-sperm_10.tif,1
1067,ch00_p5-pl1-sample08-sperm_02.tif,1
1068,ch00_p5-pl1-sample08-sperm_04.tif,3
1069,ch00_p5-pl1-sample08-sperm_05.tif,1
1070,ch00_p5-pl1-sample08-sperm_07.tif,0
1071,ch00_p5-pl1-sample09-sperm_01.tif,3
1072,ch00_p5-pl1-sample09-sperm_03.tif,3
1073,ch00_p5-pl1-sample09-sperm_04.tif,3
1074,ch00_p5-pl1-sample09-sperm_05.tif,3
1075,ch00_p5-pl1-sample09-sperm_06.tif,3
1077,ch00_p5-pl1-sample10-sperm_04.tif,3
1078,ch00_p5-pl1-sample10-sperm_06.tif,3
1079,ch00_p5-pl1-sample10-sperm_07.tif,3
1080,ch00_p5-pl1-sample10-sperm_18.tif,3
1081,ch00_p5-pl1-sample11-sperm_02.tif,1
1082,ch00_p5-pl1-sample11-sperm_04.tif,3
1083,ch00_p5-pl1-sample11-sperm_05.tif,1
1084,ch00_p5-pl1-sample11-sperm_10.tif,3
1085,ch00_p5-pl1-sample12-sperm_05.tif,3
1086,ch00_p5-pl1-sample12-sperm_06.tif,3
1087,ch00_p5-pl1-sample12-sperm_07.tif,3
1088,ch00_p5-pl1-sample12-sperm_10.tif,3
1089,ch00_p5-pl1-sample12-sperm_13.tif,3
1090,ch00_p5-pl1-sample12-sperm_14.tif,3
1091,ch00_p5-pl1-sample12-sperm_15.tif,3
1092,ch00_p5-pl1-sample12-sperm_16.tif,3
1093,ch00_p5-pl1-sample12-sperm_17.tif,1
1094,ch00_p5-pl1-sample13-sperm_05.tif,3
1095,ch00_p5-pl1-sample13-sperm_06.tif,3
1096,ch00_p5-pl1-sample14-sperm_01.tif,1
1097,ch00_p5-pl1-sample14-sperm_05.tif,1
1098,ch00_p5-pl1-sample14-sperm_06.tif,3
1099,ch00_p5-pl1-sample14-sperm_08.tif,3
1100,ch00_p5-pl1-sample15-sperm_02.tif,3
1101,ch00_p5-pl1-sample15-sperm_03.tif,3
1102,ch00_p5-pl1-sample15-sperm_04.tif,3
1103,ch00_p5-pl1-sample15-sperm_06.tif,3
1104,ch00_p5-pl1-sample15-sperm_07.tif,3
1105,ch00_p5-pl1-sample15-sperm_10.tif,0
1106,ch00_p5-pl1-sample16-sperm_03.tif,3
1107,ch00_p5-pl1-sample16-sperm_07.tif,1
1108,ch00_p5-pl1-sample17-sperm_02.tif,3
1109,ch00_p5-pl1-sample17-sperm_03.tif,3
1110,ch00_p5-pl1-sample17-sperm_05.tif,3
1111,ch00_p5-pl1-sample17-sperm_09.tif,3
1112,ch00_p5-pl1-sample17-sperm_10.tif,3
1113,ch00_p5-pl1-sample17-sperm_13.tif,3
1114,ch00_p5-pl1-sample17-sperm_15.tif,1
1115,ch00_p5-pl1-sample17-sperm_17.tif,3
1117,ch00_p5-pl1-sample18-sperm_03.tif,3
1118,ch00_p5-pl1-sample18-sperm_06.tif,3
1119,ch00_p5-pl1-sample18-sperm_11.tif,1
1120,ch00_p5-pl1-sample19-sperm_02.tif,3
1121,ch00_p5-pl1-sample19-sperm_11.tif,1
1122,ch00_p5-pl1-sample19-sperm_13.tif,3
1123,ch00_p5-pl1-sample20-sperm_02.tif,3
1124,ch00_p5-pl1-sample20-sperm_03.tif,1
1125,ch00_p5-pl1-sample20-sperm_05.tif,3
1126,ch00_p5-pl1-sample20-sperm_06.tif,3
1127,ch00_p5-pl1-sample20-sperm_07.tif,3
1128,ch00_p5-pl1-sample20-sperm_09.tif,1
1129,ch00_p5-pl1-sample20-sperm_11.tif,1
1130,ch00_p5-pl1-sample20-sperm_12.tif,3
1131,ch00_p5-pl1-sample20-sperm_13.tif,3
